{
  "categorical_features": {
    "SEX": {
      "n_categories": 2,
      "value_to_idx": {
        "1": 0,
        "2": 1
      }
    },
    "EDUCATION": {
      "n_categories": 4,
      "value_to_idx": {
        "1": 0,
        "2": 1,
        "3": 2,
        "4": 3
      }
    },
    "MARRIAGE": {
      "n_categories": 3,
      "value_to_idx": {
        "1": 0,
        "2": 1,
        "3": 2
      }
    }
  },
  "numerical_features": {
    "LIMIT_BAL": {
      "mean": 166947.42857142858,
      "std": 129648.34170677493,
      "min": 10000.0,
      "max": 800000.0
    },
    "AGE": {
      "mean": 35.39961904761905,
      "std": 9.156559552310588,
      "min": 21.0,
      "max": 75.0
    },
    "BILL_AMT1": {
      "mean": 51048.56119047619,
      "std": 73304.0274976318,
      "min": -165580.0,
      "max": 630458.0
    },
    "BILL_AMT2": {
      "mean": 48950.486761904765,
      "std": 70611.9026524547,
      "min": -69777.0,
      "max": 646770.0
    },
    "BILL_AMT3": {
      "mean": 46772.20761904762,
      "std": 69087.51781061331,
      "min": -61506.0,
      "max": 1664089.0
    },
    "BILL_AMT4": {
      "mean": 43172.36676190476,
      "std": 64042.962708278756,
      "min": -46627.0,
      "max": 628699.0
    },
    "BILL_AMT5": {
      "mean": 40096.441952380956,
      "std": 60472.48826719487,
      "min": -81334.0,
      "max": 823540.0
    },
    "BILL_AMT6": {
      "mean": 38549.896095238095,
      "std": 59042.33888641368,
      "min": -209051.0,
      "max": 699944.0
    },
    "PAY_AMT1": {
      "mean": 5639.428857142857,
      "std": 16616.694959454955,
      "min": 0.0,
      "max": 873552.0
    },
    "PAY_AMT2": {
      "mean": 5769.4195238095235,
      "std": 22072.050100084685,
      "min": 0.0,
      "max": 1684259.0
    },
    "PAY_AMT3": {
      "mean": 5247.612523809524,
      "std": 17341.965453689147,
      "min": 0.0,
      "max": 889043.0
    },
    "PAY_AMT4": {
      "mean": 4744.2488095238095,
      "std": 15126.982593415414,
      "min": 0.0,
      "max": 621000.0
    },
    "PAY_AMT5": {
      "mean": 4728.23580952381,
      "std": 15300.807953865133,
      "min": 0.0,
      "max": 426529.0
    },
    "PAY_AMT6": {
      "mean": 5261.297714285714,
      "std": 17876.777627820007,
      "min": 0.0,
      "max": 527143.0
    }
  },
  "pay_features": {
    "PAY_0": {
      "n_categories": 11,
      "value_to_idx": {
        "-2": 0,
        "-1": 1,
        "0": 2,
        "1": 3,
        "2": 4,
        "3": 5,
        "4": 6,
        "5": 7,
        "6": 8,
        "7": 9,
        "8": 10
      }
    },
    "PAY_2": {
      "n_categories": 11,
      "value_to_idx": {
        "-2": 0,
        "-1": 1,
        "0": 2,
        "1": 3,
        "2": 4,
        "3": 5,
        "4": 6,
        "5": 7,
        "6": 8,
        "7": 9,
        "8": 10
      }
    },
    "PAY_3": {
      "n_categories": 11,
      "value_to_idx": {
        "-2": 0,
        "-1": 1,
        "0": 2,
        "1": 3,
        "2": 4,
        "3": 5,
        "4": 6,
        "5": 7,
        "6": 8,
        "7": 9,
        "8": 10
      }
    },
    "PAY_4": {
      "n_categories": 11,
      "value_to_idx": {
        "-2": 0,
        "-1": 1,
        "0": 2,
        "1": 3,
        "2": 4,
        "3": 5,
        "4": 6,
        "5": 7,
        "6": 8,
        "7": 9,
        "8": 10
      }
    },
    "PAY_5": {
      "n_categories": 10,
      "value_to_idx": {
        "-2": 0,
        "-1": 1,
        "0": 2,
        "2": 3,
        "3": 4,
        "4": 5,
        "5": 6,
        "6": 7,
        "7": 8,
        "8": 9
      }
    },
    "PAY_6": {
      "n_categories": 10,
      "value_to_idx": {
        "-2": 0,
        "-1": 1,
        "0": 2,
        "2": 3,
        "3": 4,
        "4": 5,
        "5": 6,
        "6": 7,
        "7": 8,
        "8": 9
      }
    }
  },
  "feature_order": [
    "LIMIT_BAL",
    "SEX",
    "EDUCATION",
    "MARRIAGE",
    "AGE",
    "PAY_0",
    "PAY_2",
    "PAY_3",
    "PAY_4",
    "PAY_5",
    "PAY_6",
    "BILL_AMT1",
    "BILL_AMT2",
    "BILL_AMT3",
    "BILL_AMT4",
    "BILL_AMT5",
    "BILL_AMT6",
    "PAY_AMT1",
    "PAY_AMT2",
    "PAY_AMT3",
    "PAY_AMT4",
    "PAY_AMT5",
    "PAY_AMT6"
  ],
  "n_features": 23
}