{
  "splits": {
    "train_raw.csv": {
      "n_rows": 21000,
      "n_cols": 24,
      "columns": [
        "LIMIT_BAL",
        "SEX",
        "EDUCATION",
        "MARRIAGE",
        "AGE",
        "PAY_0",
        "PAY_2",
        "PAY_3",
        "PAY_4",
        "PAY_5",
        "PAY_6",
        "BILL_AMT1",
        "BILL_AMT2",
        "BILL_AMT3",
        "BILL_AMT4",
        "BILL_AMT5",
        "BILL_AMT6",
        "PAY_AMT1",
        "PAY_AMT2",
        "PAY_AMT3",
        "PAY_AMT4",
        "PAY_AMT5",
        "PAY_AMT6",
        "DEFAULT"
      ],
      "default_rate": 0.221238,
      "numeric_means": {
        "LIMIT_BAL": 166947.4286,
        "SEX": 1.6054,
        "EDUCATION": 1.8442,
        "MARRIAGE": 1.5585,
        "AGE": 35.3996,
        "PAY_0": -0.0069,
        "PAY_2": -0.1256,
        "PAY_3": -0.161,
        "PAY_4": -0.219,
        "PAY_5": -0.267,
        "PAY_6": -0.2885,
        "BILL_AMT1": 51048.5612,
        "BILL_AMT2": 48950.4868,
        "BILL_AMT3": 46772.2076,
        "BILL_AMT4": 43172.3668,
        "BILL_AMT5": 40096.442,
        "BILL_AMT6": 38549.8961,
        "PAY_AMT1": 5639.4289,
        "PAY_AMT2": 5769.4195,
        "PAY_AMT3": 5247.6125,
        "PAY_AMT4": 4744.2488,
        "PAY_AMT5": 4728.2358,
        "PAY_AMT6": 5261.2977,
        "DEFAULT": 0.2212
      }
    },
    "val_raw.csv": {
      "n_rows": 4500,
      "n_cols": 24,
      "columns": [
        "LIMIT_BAL",
        "SEX",
        "EDUCATION",
        "MARRIAGE",
        "AGE",
        "PAY_0",
        "PAY_2",
        "PAY_3",
        "PAY_4",
        "PAY_5",
        "PAY_6",
        "BILL_AMT1",
        "BILL_AMT2",
        "BILL_AMT3",
        "BILL_AMT4",
        "BILL_AMT5",
        "BILL_AMT6",
        "PAY_AMT1",
        "PAY_AMT2",
        "PAY_AMT3",
        "PAY_AMT4",
        "PAY_AMT5",
        "PAY_AMT6",
        "DEFAULT"
      ],
      "default_rate": 0.221111,
      "numeric_means": {
        "LIMIT_BAL": 170354.1511,
        "SEX": 1.5987,
        "EDUCATION": 1.8398,
        "MARRIAGE": 1.5584,
        "AGE": 35.6411,
        "PAY_0": -0.0509,
        "PAY_2": -0.1711,
        "PAY_3": -0.1998,
        "PAY_4": -0.2258,
        "PAY_5": -0.2718,
        "PAY_6": -0.3053,
        "BILL_AMT1": 52045.6653,
        "BILL_AMT2": 49955.2969,
        "BILL_AMT3": 48177.3529,
        "BILL_AMT4": 44046.8978,
        "BILL_AMT5": 41110.6044,
        "BILL_AMT6": 39913.4058,
        "PAY_AMT1": 5614.2271,
        "PAY_AMT2": 6499.1516,
        "PAY_AMT3": 5291.2949,
        "PAY_AMT4": 4962.2889,
        "PAY_AMT5": 5089.7107,
        "PAY_AMT6": 5132.0096,
        "DEFAULT": 0.2211
      }
    },
    "test_raw.csv": {
      "n_rows": 4500,
      "n_cols": 24,
      "columns": [
        "LIMIT_BAL",
        "SEX",
        "EDUCATION",
        "MARRIAGE",
        "AGE",
        "PAY_0",
        "PAY_2",
        "PAY_3",
        "PAY_4",
        "PAY_5",
        "PAY_6",
        "BILL_AMT1",
        "BILL_AMT2",
        "BILL_AMT3",
        "BILL_AMT4",
        "BILL_AMT5",
        "BILL_AMT6",
        "PAY_AMT1",
        "PAY_AMT2",
        "PAY_AMT3",
        "PAY_AMT4",
        "PAY_AMT5",
        "PAY_AMT6",
        "DEFAULT"
      ],
      "default_rate": 0.221111,
      "numeric_means": {
        "LIMIT_BAL": 167120.0,
        "SEX": 1.6009,
        "EDUCATION": 1.8356,
        "MARRIAGE": 1.5504,
        "AGE": 35.7307,
        "PAY_0": -0.0284,
        "PAY_2": -0.1347,
        "PAY_3": -0.1569,
        "PAY_4": -0.2236,
        "PAY_5": -0.2571,
        "PAY_6": -0.2889,
        "BILL_AMT1": 51216.5884,
        "BILL_AMT2": 49469.5993,
        "BILL_AMT3": 46973.3769,
        "BILL_AMT4": 42901.7171,
        "BILL_AMT5": 40515.3396,
        "BILL_AMT6": 39332.1484,
        "PAY_AMT1": 5825.6416,
        "PAY_AMT2": 6051.314,
        "PAY_AMT3": 5057.7233,
        "PAY_AMT4": 5071.7291,
        "PAY_AMT5": 4841.1064,
        "PAY_AMT6": 5085.2849,
        "DEFAULT": 0.2211
      }
    },
    "train_scaled.csv": {
      "n_rows": 21000,
      "n_cols": 24,
      "columns": [
        "LIMIT_BAL",
        "SEX",
        "EDUCATION",
        "MARRIAGE",
        "AGE",
        "PAY_0",
        "PAY_2",
        "PAY_3",
        "PAY_4",
        "PAY_5",
        "PAY_6",
        "BILL_AMT1",
        "BILL_AMT2",
        "BILL_AMT3",
        "BILL_AMT4",
        "BILL_AMT5",
        "BILL_AMT6",
        "PAY_AMT1",
        "PAY_AMT2",
        "PAY_AMT3",
        "PAY_AMT4",
        "PAY_AMT5",
        "PAY_AMT6",
        "DEFAULT"
      ],
      "default_rate": 0.221238,
      "numeric_means": {
        "LIMIT_BAL": -0.0,
        "SEX": 1.6054,
        "EDUCATION": 1.8442,
        "MARRIAGE": 1.5585,
        "AGE": -0.0,
        "PAY_0": -0.0069,
        "PAY_2": -0.1256,
        "PAY_3": -0.161,
        "PAY_4": -0.219,
        "PAY_5": -0.267,
        "PAY_6": -0.2885,
        "BILL_AMT1": 0.0,
        "BILL_AMT2": -0.0,
        "BILL_AMT3": -0.0,
        "BILL_AMT4": -0.0,
        "BILL_AMT5": -0.0,
        "BILL_AMT6": 0.0,
        "PAY_AMT1": 0.0,
        "PAY_AMT2": 0.0,
        "PAY_AMT3": 0.0,
        "PAY_AMT4": 0.0,
        "PAY_AMT5": 0.0,
        "PAY_AMT6": 0.0,
        "DEFAULT": 0.2212
      }
    },
    "val_scaled.csv": {
      "n_rows": 4500,
      "n_cols": 24,
      "columns": [
        "LIMIT_BAL",
        "SEX",
        "EDUCATION",
        "MARRIAGE",
        "AGE",
        "PAY_0",
        "PAY_2",
        "PAY_3",
        "PAY_4",
        "PAY_5",
        "PAY_6",
        "BILL_AMT1",
        "BILL_AMT2",
        "BILL_AMT3",
        "BILL_AMT4",
        "BILL_AMT5",
        "BILL_AMT6",
        "PAY_AMT1",
        "PAY_AMT2",
        "PAY_AMT3",
        "PAY_AMT4",
        "PAY_AMT5",
        "PAY_AMT6",
        "DEFAULT"
      ],
      "default_rate": 0.221111,
      "numeric_means": {
        "LIMIT_BAL": 0.0263,
        "SEX": 1.5987,
        "EDUCATION": 1.8398,
        "MARRIAGE": 1.5584,
        "AGE": 0.0264,
        "PAY_0": -0.0509,
        "PAY_2": -0.1711,
        "PAY_3": -0.1998,
        "PAY_4": -0.2258,
        "PAY_5": -0.2718,
        "PAY_6": -0.3053,
        "BILL_AMT1": 0.0136,
        "BILL_AMT2": 0.0142,
        "BILL_AMT3": 0.0203,
        "BILL_AMT4": 0.0137,
        "BILL_AMT5": 0.0168,
        "BILL_AMT6": 0.0231,
        "PAY_AMT1": -0.0015,
        "PAY_AMT2": 0.0331,
        "PAY_AMT3": 0.0025,
        "PAY_AMT4": 0.0144,
        "PAY_AMT5": 0.0236,
        "PAY_AMT6": -0.0072,
        "DEFAULT": 0.2211
      }
    },
    "test_scaled.csv": {
      "n_rows": 4500,
      "n_cols": 24,
      "columns": [
        "LIMIT_BAL",
        "SEX",
        "EDUCATION",
        "MARRIAGE",
        "AGE",
        "PAY_0",
        "PAY_2",
        "PAY_3",
        "PAY_4",
        "PAY_5",
        "PAY_6",
        "BILL_AMT1",
        "BILL_AMT2",
        "BILL_AMT3",
        "BILL_AMT4",
        "BILL_AMT5",
        "BILL_AMT6",
        "PAY_AMT1",
        "PAY_AMT2",
        "PAY_AMT3",
        "PAY_AMT4",
        "PAY_AMT5",
        "PAY_AMT6",
        "DEFAULT"
      ],
      "default_rate": 0.221111,
      "numeric_means": {
        "LIMIT_BAL": 0.0013,
        "SEX": 1.6009,
        "EDUCATION": 1.8356,
        "MARRIAGE": 1.5504,
        "AGE": 0.0362,
        "PAY_0": -0.0284,
        "PAY_2": -0.1347,
        "PAY_3": -0.1569,
        "PAY_4": -0.2236,
        "PAY_5": -0.2571,
        "PAY_6": -0.2889,
        "BILL_AMT1": 0.0023,
        "BILL_AMT2": 0.0074,
        "BILL_AMT3": 0.0029,
        "BILL_AMT4": -0.0042,
        "BILL_AMT5": 0.0069,
        "BILL_AMT6": 0.0132,
        "PAY_AMT1": 0.0112,
        "PAY_AMT2": 0.0128,
        "PAY_AMT3": -0.0109,
        "PAY_AMT4": 0.0216,
        "PAY_AMT5": 0.0074,
        "PAY_AMT6": -0.0098,
        "DEFAULT": 0.2211
      }
    },
    "train_engineered.csv": {
      "n_rows": 21000,
      "n_cols": 48,