{
  "split": "train",
  "threshold": 0.5,
  "metrics": {
    "auc_roc": 0.7857082071016891,
    "auc_pr": 0.5587755164852842,
    "f1": 0.5384615384615384,
    "accuracy": 0.7554285714285714,
    "precision": 0.46220302375809935,
    "recall": 0.6448557899268188,
    "brier": 0.20617683231830597,
    "ece": 0.2523389300916876
  },
  "backfilled_from_checkpoint": true
}