{
  "run_dir": "results/transformer/seed_42",
  "attention_scores": {
    "SEX": 0.026781002202503616,
    "EDUCATION": 0.037589135948862054,
    "MARRIAGE": 0.03353037593511431,
    "PAY_0": 0.09686064998958228,
    "PAY_2": 0.05387475131944336,
    "PAY_3": 0.0700844105113333,
    "PAY_4": 0.04796429778315688,
    "PAY_5": 0.05519155684500318,
    "PAY_6": 0.04936442292667731,
    "LIMIT_BAL": 0.0445229713551667,
    "AGE": 0.0197869291184052,
    "BILL_AMT1": 0.058028486209642946,
    "BILL_AMT2": 0.03604795489943344,
    "BILL_AMT3": 0.033846041495759545,
    "BILL_AMT4": 0.019747346488876157,
    "BILL_AMT5": 0.024525333019691512,
    "BILL_AMT6": 0.025550128991008614,
    "PAY_AMT1": 0.05760047166097364,
    "PAY_AMT2": 0.05447214733493591,
    "PAY_AMT3": 0.04075226840313003,
    "PAY_AMT4": 0.030751147430298865,
    "PAY_AMT5": 0.03874700337934019,
    "PAY_AMT6": 0.044381166751661025
  },
  "attention_ranked": [
    [
      "PAY_0",
      0.09686064998958228
    ],
    [
      "PAY_3",
      0.0700844105113333
    ],
    [
      "BILL_AMT1",
      0.058028486209642946
    ],
    [
      "PAY_AMT1",
      0.05760047166097364
    ],
    [
      "PAY_5",
      0.05519155684500318
    ],
    [
      "PAY_AMT2",
      0.05447214733493591
    ],
    [
      "PAY_2",
      0.05387475131944336
    ],
    [
      "PAY_6",
      0.04936442292667731
    ],
    [
      "PAY_4",
      0.04796429778315688
    ],
    [
      "LIMIT_BAL",
      0.0445229713551667
    ],
    [
      "PAY_AMT6",
      0.044381166751661025
    ],
    [
      "PAY_AMT3",
      0.04075226840313003
    ],
    [
      "PAY_AMT5",
      0.03874700337934019
    ],
    [
      "EDUCATION",
      0.037589135948862054
    ],
    [
      "BILL_AMT2",
      0.03604795489943344
    ],
    [
      "BILL_AMT3",
      0.033846041495759545
    ],
    [
      "MARRIAGE",
      0.03353037593511431
    ],
    [
      "PAY_AMT4",
      0.030751147430298865
    ],
    [
      "SEX",
      0.026781002202503616
    ],
    [
      "BILL_AMT6",
      0.025550128991008614
    ],
    [
      "BILL_AMT5",
      0.024525333019691512
    ],
    [
      "AGE",
      0.0197869291184052
    ],
    [
      "BILL_AMT4",
      0.019747346488876157
    ]
  ],
  "per_head_entropy": [
    [
      2.192539930343628,
      2.012411594390869,
      2.9537923336029053,
      1.9360672235488892
    ],
    [
      2.721771717071533,
      2.343388795852661,
      2.6642909049987793,
      1.947693109512329
    ]
  ],
  "n_defaulters": 995,
  "n_nondefaulters": 3505
}