auc_gap,n_required_80pct_power,prevalence,current_n
0.005,236963,0.22111111111111112,4500
0.01,58827,0.22111111111111112,4500
0.02,14492,0.22111111111111112,4500
