{
  "split": "train",
  "threshold": 0.5,
  "metrics": {
    "auc_roc": 0.792470162548155,
    "auc_pr": 0.5674183828894679,
    "f1": 0.5398351648351648,
    "accuracy": 0.7447619047619047,
    "precision": 0.4490145672664953,
    "recall": 0.6767111493758071,
    "brier": 0.2106243520975113,
    "ece": 0.26296702378704434
  },
  "backfilled_from_checkpoint": true
}