{
  "split": "train",
  "threshold": 0.5,
  "metrics": {
    "auc_roc": 0.7930947226008126,
    "auc_pr": 0.5685117428021151,
    "f1": 0.53437876960193,
    "accuracy": 0.7426666666666667,
    "precision": 0.44554597701149423,
    "recall": 0.6674558760223849,
    "brier": 0.2073739767074585,
    "ece": 0.26128992266882034
  },
  "backfilled_from_checkpoint": true
}