{
  "n_samples_per_row": 30,
  "run": "seed_42",
  "auc_roc_mean": 0.778651889977706,
  "accuracy_at_0.5": 0.7506666666666667,
  "mean_predictive_entropy": 0.6697275042533875,
  "mean_aleatoric_entropy": 0.6684591770172119,
  "mean_mutual_information": 0.001268257386982441,
  "mean_std": 0.023980624973773956,
  "entropy_misclass_correlation": 0.17542693323976188
}