{
  "reported_metrics": [
    "auc_roc",
    "auc_pr",
    "f1",
    "accuracy",
    "precision",
    "recall",
    "specificity",
    "cohen_kappa",
    "ece",
    "brier"
  ],
  "transformer_from_scratch": {
    "run_names": [
      "seed_42",
      "seed_1",
      "seed_2"
    ],
    "n_seeds": 3,
    "mean": {
      "auc_roc": 0.7796595913471304,
      "auc_pr": 0.5592290603925439,
      "f1": 0.5264010603792362,
      "accuracy": 0.7472592592592594,
      "precision": 0.44960438308804984,
      "recall": 0.6351758793969849,
      "specificity": 0.7790775083214455,
      "cohen_kappa": 0.3609046906275657,
      "ece": 0.2588912034983988,
      "brier": 0.2090091953674952
    },
    "std": {
      "auc_roc": 0.0022694271622485927,
      "auc_pr": 0.00429144785444457,
      "f1": 0.0037884768149181423,
      "accuracy": 0.006630767541491758,
      "precision": 0.009036742612564647,
      "recall": 0.012060301507537674,
      "specificity": 0.01149164029429714,
      "cohen_kappa": 0.007424323793223564,
      "ece": 0.003572634503007849,
      "brier": 0.001748525425760965
    },
    "per_seed": [
      {
        "auc_roc": 0.7771856429078345,
        "auc_pr": 0.556985072977532,
        "f1": 0.5220983064849236,
        "accuracy": 0.7428888888888889,
        "precision": 0.4431977559607293,
        "recall": 0.6351758793969849,
        "brier": 0.20817573368549347,
        "ece": 0.257265284412437,
        "cohen_kappa": 0.35377248422442764,
        "specificity": 0.7734664764621969
      },
      {
        "auc_roc": 0.7816448863432712,
        "auc_pr": 0.5641772682927432,
        "f1": 0.5278688524590164,
        "accuracy": 0.744,
        "precision": 0.44567474048442907,
        "recall": 0.6472361809045226,
        "brier": 0.21101851761341095,
        "ece": 0.2629876075188318,
        "cohen_kappa": 0.36035141187865927,
        "specificity": 0.771469329529244
      },
      {
        "auc_roc": 0.7801482447902853,
        "auc_pr": 0.5565248399073565,
        "f1": 0.5292360221937686,
        "accuracy": 0.7548888888888889,
        "precision": 0.4599406528189911,
        "recall": 0.6231155778894473,
        "brier": 0.20783333480358124,
        "ece": 0.2564207185639275,
        "cohen_kappa": 0.3685901757796102,
        "specificity": 0.7922967189728959
      }
    ]
  },
  "transformer_mtlm": {
    "run_names": [
      "seed_42_mtlm_finetune"
    ],
    "n_seeds": 1,
    "mean": {
      "auc_roc": 0.7801079577631381,
      "auc_pr": 0.5604629644839854,
      "f1": 0.5321814254859611,
      "accuracy": 0.7593333333333333,
      "precision": 0.4666666666666667,
      "recall": 0.6190954773869347,
      "specificity": 0.7991440798858773,
      "cohen_kappa": 0.3744464553891179,
      "ece": 0.2514654590553708,
      "brier": 0.20613159239292145
    },
    "std": {
      "auc_roc": 0.0,
      "auc_pr": 0.0,
      "f1": 0.0,
      "accuracy": 0.0,
      "precision": 0.0,
      "recall": 0.0,
      "specificity": 0.0,
      "cohen_kappa": 0.0,
      "ece": 0.0,
      "brier": 0.0
    },
    "per_seed": [
      {
        "auc_roc": 0.7801079577631381,
        "auc_pr": 0.5604629644839854,
        "f1": 0.5321814254859611,
        "accuracy": 0.7593333333333333,
        "precision": 0.4666666666666667,
        "recall": 0.6190954773869347,
        "brier": 0.20613159239292145,
        "ece": 0.2514654590553708,
        "cohen_kappa": 0.3744464553891179,
        "specificity": 0.7991440798858773
      }
    ]
  },
  "rf": {
    "rf_baseline": {
      "auc_roc": 0.7654,
      "auc_pr": 0.5389,
      "f1": 0.4647,
      "accuracy": 0.8147,
      "precision": 0.643,
      "recall": 0.3638
    },
    "rf_tuned": {
      "auc_roc": 0.7845,
      "auc_pr": 0.5673,
      "f1": 0.4642,
      "accuracy": 0.822,
      "precision": 0.694,
      "recall": 0.3487
    }
  }
}