{
  "run_dir": "results/transformer/seed_42_with_attn",
  "attention_scores": {
    "SEX": 0.02935516339617631,
    "EDUCATION": 0.04193187357396874,
    "MARRIAGE": 0.032237409415439636,
    "PAY_0": 0.0888563400545568,
    "PAY_2": 0.045959175539356675,
    "PAY_3": 0.0470757800402631,
    "PAY_4": 0.0370472455735702,
    "PAY_5": 0.055727520897599025,
    "PAY_6": 0.04348784107632423,
    "LIMIT_BAL": 0.06944222856612225,
    "AGE": 0.027045727005341507,
    "BILL_AMT1": 0.06733471351806733,
    "BILL_AMT2": 0.03729559969813581,
    "BILL_AMT3": 0.03132503980818981,
    "BILL_AMT4": 0.025945978552766553,
    "BILL_AMT5": 0.03170904307979926,
    "BILL_AMT6": 0.03275923651092877,
    "PAY_AMT1": 0.05268851935685302,
    "PAY_AMT2": 0.051372157141246745,
    "PAY_AMT3": 0.044504903780625965,
    "PAY_AMT4": 0.029286116539754492,
    "PAY_AMT5": 0.04326396484811779,
    "PAY_AMT6": 0.03434842202679603
  },
  "attention_ranked": [
    [
      "PAY_0",
      0.0888563400545568
    ],
    [
      "LIMIT_BAL",
      0.06944222856612225
    ],
    [
      "BILL_AMT1",
      0.06733471351806733
    ],
    [
      "PAY_5",
      0.055727520897599025
    ],
    [
      "PAY_AMT1",
      0.05268851935685302
    ],
    [
      "PAY_AMT2",
      0.051372157141246745
    ],
    [
      "PAY_3",
      0.0470757800402631
    ],
    [
      "PAY_2",
      0.045959175539356675
    ],
    [
      "PAY_AMT3",
      0.044504903780625965
    ],
    [
      "PAY_6",
      0.04348784107632423
    ],
    [
      "PAY_AMT5",
      0.04326396484811779
    ],
    [
      "EDUCATION",
      0.04193187357396874
    ],
    [
      "BILL_AMT2",
      0.03729559969813581
    ],
    [
      "PAY_4",
      0.0370472455735702
    ],
    [
      "PAY_AMT6",
      0.03434842202679603
    ],
    [
      "BILL_AMT6",
      0.03275923651092877
    ],
    [
      "MARRIAGE",
      0.032237409415439636
    ],
    [
      "BILL_AMT5",
      0.03170904307979926
    ],
    [
      "BILL_AMT3",
      0.03132503980818981
    ],
    [
      "SEX",
      0.02935516339617631
    ],
    [
      "PAY_AMT4",
      0.029286116539754492
    ],
    [
      "AGE",
      0.027045727005341507
    ],
    [
      "BILL_AMT4",
      0.025945978552766553
    ]
  ],
  "per_head_entropy": [
    [
      1.9948087930679321,
      2.3903775215148926,
      2.1817967891693115,
      1.1388527154922485
    ],
    [
      2.694040060043335,
      2.566145896911621,
      1.978203535079956,
      2.0740303993225098
    ]
  ],
  "n_defaulters": 995,
  "n_nondefaulters": 3505
}