run,train_acc,train_auc,train_f1,val_acc,val_auc,val_f1,test_acc,test_auc,test_f1
seed_42,0.7426666666666667,0.7930947226008126,0.53437876960193,0.7495555555555555,0.786048788880207,0.5364047716988893,0.7428888888888889,0.7771856429078345,0.5220983064849236
seed_1,0.7447619047619047,0.792470162548155,0.5398351648351648,0.7471111111111111,0.7826213807984287,0.5309150865622424,0.744,0.7816448863432712,0.5278688524590164
seed_2,0.754,0.7886076545454632,0.5391614629794826,0.7633333333333333,0.7836816034523544,0.5391605365642579,0.7548888888888889,0.7801482447902853,0.5292360221937686
seed_42_mtlm_finetune,0.7554285714285714,0.7857082071016891,0.5384615384615384,0.7662222222222222,0.7798939060495057,0.5441941074523396,0.7593333333333333,0.7801079577631381,0.5321814254859611
